key,en_US,ja,es,en_GB,pl,ru,lv,eo
I18N_LOCALE_NAME,English (United States),日本語,español latino,English (United Kingdom),Polska,русский,Latviešu,Esperanto
I18N_MENU,Menu,メニュー,Menú,,,Меню,Izvēnle,
I18N_GAME_NAME,MalBots Begone!,マルボッツを退治せよ!,"¡MalBots, Fuera!",,"ZłośBoty, Precz!","ВредБоты, Прочь!","ĻaunBoti, Projām!","FiBotoj, For!"
I18N_DEMO,Public Beta,公開ベータ,,,,,,
I18N_START,[b]Tap the screen[/b] or [b]press A[/b] to start!,[b]スクリーンをタップ[/b]するか、[b]Aボタンを押す[/b]と、始まるよ！,[b]Toca la pantalla[/b] o [b]pulsa A[/b] para empezar!,,,[b]Нажмите по экрану[/b] или [b]нажмите A[/b] чтобы начать!,"[b]Pieskarieties ekrānam[/b] vai [b]nospiediet A[/b], lai sāktu!",[b]Tuŝu la ekranon[/b] aŭ [b]premu A[/b] por komencigi!
I18N_STORY,Story mode,ストーリーモード,Modo de campaña,,,Исторический режим,Stāstu režīms,Aventura reĝimo
I18N_ARCADE,Arcade mode,アーケードモード,Modo arcade,,,Аркадный режим,Arkādes režīms,Videoludeja reĝimo
I18N_TUTORIAL,Tutorial,チュートリアル,,,,Туториал,Pamācība,
I18N_EDITOR,Level editor,レベルエディター,Editor de niveles,,,Редактор уровней,Līmeņa redaktors,Nivelredaktilo
I18N_READY_ASK,Ready?,準備OK?,¿Listo?,,Gotowy?,Готовы?,Gatavs?,Preta?
I18N_READY_YES,OK!,よし！,¡Sí!,,,ДА!,,Jes!
I18N_LEVEL_N,LEVEL %03d,レベル%03d,NIVEL %03d,,,УРОВЕНЬ %03d,,NIVELO %03d
I18N_NEXT,NEXT,つぎ,SIG.,,,ДАЛЕЕ,TĀLĀK,SEKVA
I18N_REST,REST,のこり,QUEDA,,,ШАГОВ,,CETERA
I18N_SCORE,SCORE,とくてん,PUNTAJE,,,СЧЁТ,REZULTĀTS,POENTARO
I18N_TIME,TIME,じかん,TIEMPO,,,ВРЕМЯ,LAIKS,TEMPO
I18N_CHAIN_BEFORE,N/A,N/A,¡CASCADA DE,,,N/A,,N/A
I18N_CHAIN_AFTER,CASCADE!,連鎖!,!,,,КАСКАД!,,-STRIO!
I18N_CLEAR,STAGE CLEARED!,ステージ\nクリア！,¡NIVEL SUPERADO!,,,ЭТАП ОЧИЩЕН!,,FAZO TRAPASITA!
I18N_FAIL,GAME OVER,ゲーム\nオーバー,JUEGO TERMINADO,,PRZEGRANA,ИГРА ОКОНЧЕНА,SPĒLE BEIGUSIES,LUDO FINITA
I18N_ALLCLEAR,WIPEOUT!,全消し！,¡TABLERO VACÍO!,,,СТЁРТО!,,
I18N_BONUS,BONUS!,ボーナス！,¡BONIFICACIÓN!,,,БОНУС!,BONUSS!,BONIFIKO!
I18N_OBJECTIVE,Mission: “%s”,ミッション【%s】,Misión: «%s»,,,Миссия: “%s”,Missija: “%s”,Misio: «%s»
I18N_COLOR_0,gray,灰色の,grises,grey,,серых,pelēkos,grizajn
I18N_COLOR_1,red,赤い,rojos,,,красных,sarkanos,ruĝajn
I18N_COLOR_2,yellow,黄色い,amarillos,,,жёлтых,dzeltenos,flavajn
I18N_COLOR_3,green,緑色の,verdes,,,зелёных,zaļos,verdajn
I18N_COLOR_4,blue,青い,azules,,,синих,zilos,bluajn
I18N_COLOR_5,purple,紫の,morados,,,фиолетовых,violetos,violkolorajn
I18N_COLOR_SEP,", ",と,", ",,,", ",", ",", "
I18N_COLOR_SEP_TWO, and ,と, y ,,, и , un , kaj 
I18N_COLOR_SEP_LAST,", and ",と, y ,,,", и ",", un ",", kaj "
I18N_TIME_FORMAT,"%02d'%02d""",%02d分%02d秒,,,,%02dм %02dс,%02dm %02ds,
I18N_OBJECTIVE_ZEN,[b]Chill![/b],[b]無し！[/b],,,,[b]Расслабляйтесь![/b],,[b]Ripozu![/b]
I18N_OBJECTIVE_SURVIVE,[b]Survive![/b],[b]生き延びろ！[/b],[b]¡Sobrevive![/b],,,[b]Выживайте![/b],,[b]Transvivu![/b]
I18N_OBJECTIVE_SURVIVE_TIME,Survive for [b]{0}[/b]!,[b]{0}間[/b]生き延びろ！,¡Sobrevive por [b]{0}[/b]!,,,Выживите [b]{0}[/b]!,,Transvivu dum [b]{0}[/b]!
I18N_OBJECTIVE_ENEMY,Defeat [b]all MalBots[/b]!,[b]マルボッツを全滅[/b]させろ！,¡Derrota a [b]todos los MalBots[/b]!,,,Одолейте [b]всех ВредБотов[/b]!,,Venku [b]ĉiujn FiBotojn[/b]!
I18N_OBJECTIVE_ENEMY_COUNT,Defeat [b]{0} MalBots[/b]!,[b]マルボッツを{0}体[/b]倒せ！,¡Derrota a [b]{0} MalBots[/b]!,,,Одолейте [b]{0} ВредБотов[/b]!,,Venku [b]{0} FiBotojn[/b]!
I18N_OBJECTIVE_ENEMY_COLOR,Defeat [b]all {0} MalBots[/b]!,[b]{0}マルボッツを全滅[/b]させろ！,¡Derrota a [b]todos los MalBots {0}[/b]!,,,Одолейте [b]всех {0} ВредБотов[/b]!,,Venku [b]ĉiujn {0} FiBotojn[/b]!
I18N_OBJECTIVE_ENEMY_COLOR_COUNT,Defeat [b]{0} {1} MalBots[/b]!,[b]{1}マルボッツを{0}体[/b]倒せ！,¡Derrota a [b]{0} MalBots {1}[/b]!,,,Одолейте [b]{0} {1} ВредБотов[/b]!,,Venku [b]{0} {1} FiBotojn[/b]!
I18N_OBJECTIVE_BLOCK,Erase [b]all Blocks[/b]!,[b]ブロックを全部[/b]消せ！,¡Borra [b]todos los bloques[/b]!,,,Сотрите [b]все блоки[/b]!,,Forigu [b]ĉiujn Blokojn[/b]!
I18N_OBJECTIVE_BLOCK_COUNT,Erase [b]{0} Blocks[/b]!,[b]ブロックを{0}個[/b]消せ！,¡Borra [b]{0} bloques[/b]!,,,Сотрите [b]{0} блоки[/b]!,,Forigu [b]{0} Blokojn[/b]!
I18N_OBJECTIVE_BLOCK_COLOR,Erase [b]all {0} Blocks[/b]!,[b]{0}ブロックを全部[/b]消せ！,¡Borra [b]todos los bloques {0}[/b]!,,,Сотрите [b]все {0} блоки[/b]!,,Forigu [b]ĉiujn {0} Blokojn[/b]!
I18N_OBJECTIVE_BLOCK_COLOR_COUNT,Erase [b]{0} {1} Blocks[/b]!,[b]{1}ブロックを{0}個[/b]消せ！,¡Borra [b]{0} bloques {1}[/b]!,,,Сотрите [b]{0} {1} блоки[/b]!,,Forigu [b]{0} {1} Blokojn[/b]!
I18N_OBJECTIVE_CHAIN_COUNT,Cause a [b]{0}-Cascade[/b] or longer!,[b]{0}連鎖[/b]以上を起こせ！,,,,Сделайте [b]{0}-КАСКАД[/b] или больше!,,Kaŭzu [b]{0}-Strion[/b] aŭ pli longan!
I18N_OBJECTIVE_CHAIN_EXACT,Cause [b]exactly a {0}-Cascade[/b]!,[b]ちょうど{0}連鎖[/b]を起こせ！,,,,Сделайте [b]только {0}-КАСКАД[/b]!,,Kaŭzu [b]precize {0}-Strion[/b]!
I18N_OBJECTIVE_HIGH_SCORE,[b]Score[/b] {0} points or more!,{0}点以上[b]得点[/b]しろ！,¡Consigue [b]{0} puntos[/b] o más!,,,[b]Наберите[/b] {0} очков или больше!,,[b]Atingu[/b] {0} poentojn aŭ pli!
I18N_OBJECTIVE_COLORS,Erase {0} [b]colors[/b] of blocks at once!,{0}[b]色[/b]のブロックを同時に消せ！,¡Borra [b]{0} colores[/b] de bloques en un solo golpe!,Erase {0} [b]colours[/b] of blocks at once!,,Сотрите {0} [b]цвета[/b] блоков за раз!,,Forigu Blokojn kun {0} [b]koloroj[/b] samtempe!
I18N_OBJECTIVE_PLACEHOLDER_NUMBER,[VALUE],〈数〉,[VALOR],,,[ЗНАЧЕНИЕ],,[VALORO]
I18N_OBJECTIVE_PLACEHOLDER_COLOR,[COLOR(S)],〈色〉,[COLOR(ES)],[COLOUR(S)],,[ЦВЕТ(А)],,[KOLORO(J)]
I18N_OBJECTIVE_PLACEHOLDER_TIME,[TIME],〈時間〉,[TIEMPO],,,[ВРЕМЯ],,[TEMPO]
I18N_TUTORIAL_BASIC00,"You can move the domino left and right, and make it fall faster.",牌は左右に動かしたり、速く落としたりできます。,,,,"Вы можете перемещать домино влево и вправо, чтобы оно падало быстрее.",,
I18N_TUTORIAL_BASIC01,Press the ← and → keys or buttons to move. Press the ↓ key or button to speed up the fall.,左右キー・ボタンで左右に動かせます。下キー・ボタンで速く落とせます。,,,,"Нажмите клавиши или кнопки ← и → для перемещения. Нажмите клавишу или кнопку ↓, чтобы ускорить падение.",,
I18N_TUTORIAL_BASIC02,Drag left or right to move. Drag down and hold to speed up the fall.,画面を左右にスワイプして左右に移動できます。下にスワイプしたまま長押しして速く落とせます。,,,,"Перетащите влево или вправо для перемещения. Перетащите вниз и удерживайте, чтобы ускорить падение.",,
I18N_TUTORIAL_BASIC03,Connect 4 blocks of the same color to clear them.\nMove this first domino to the other green blocks!,[b]ブロック[/b]は、同じ色を4つ以上つなげると消せます。\n早速、この牌を緑のブロックまで動かしましょう！,,,,"Соедините 4 блока одного цвета, чтобы очистить их.\nПереместите первое домино к другим зеленым блокам!",,
I18N_TUTORIAL_BASIC10,You can rotate the domino in either direction.,牌は左右に回転もできます。,,,,Домино можно вращать в любом направлении.,,
I18N_TUTORIAL_BASIC11,"Use the left and right rotate keys or buttons to rotate. (Default: ZX keys, AB buttons)",左右の回転キー・ボタンで回転できます。（既定： ZXキー、ABボタン）,,,,"Для поворота используйте клавиши или кнопки поворота влево и вправо. (По умолчанию: клавиши ZX, кнопки AB)",,
I18N_TUTORIAL_BASIC12,How can you erase both the yellow and blue blocks?,黄色と青のブロックを両方消す方法は…？,,,,Как можно стереть желтые и синие блоки?,,
I18N_TUTORIAL_BASIC20,"Even if you're stuck in a narrow place, you can press either rotate button twice to swap the pieces.",狭いところに挟まっている牌も、回転ボタンを2回続けて押したら、180度回転できます。,,,,"Даже если вы застряли в узком месте, вы можете дважды нажать любую кнопку поворота, чтобы поменять фигуры местами.",,
I18N_TUTORIAL_BASIC21,Try it out here! Erase the purple blocks to finish.,やってみましょう！ 紫のブロックを消したら終了です。,,,,"Попробуйте это здесь! Сотрите фиолетовые блоки, чтобы покончить с этим.",,
I18N_TUTORIAL_INTRO1,Connect 4 [b]blocks[/b] of the same color to clear them.,[b]ブロック[/b]は、同じ色を4つ以上つなげると消せます。,Conecta 4 [b]bloques[/b] del mismo color para borrarlos.,Connect 4 [b]blocks[/b] of the same colour to clear them.,,"Соедините 4 [b]блока[/b] одного цвета, чтобы очистить их.",,
I18N_TUTORIAL_INTRO2,Defeat [b]MalBots[/b] by clearing blocks of their color next to them.,[b]マルボッツ[/b]を倒すには、隣べ同じ色のブロックを消しましょう。,"Elimina los [b]MalBots[/b], juntando bloques de su mismo color al lado de ellos. ",Defeat [b]MalBots[/b] by clearing blocks of their colour next to them.,,"Одолейте [b]ВредБотов[/b], очистив блоки их цвета рядом с ними.",,
I18N_TUTORIAL_INTRO3,[b]Gray MalBots[/b] can be defeated by blocks of any color.,[b]灰色のマルボッツ[/b]は、どの色のブロックでも倒せます。,Los [b]MalBots grises[/b] se pueden eliminar con Bloques de cualquier color.,[b]Grey MalBots[/b] can be defeated by blocks of any colour.,,[b]Серые ВредБоты[/b] могут быть одолены блоками любого цвета.,,
I18N_TUTORIAL_INTRO4,Defeat [b]all[/b] MalBots to win!,マルボッツを[b]全滅[/b]させれば成功です！,¡Elimina todos los MalBots para ganar!,,,Одолейте [b]всех[/b] ВредБотов чтобы выйграть!,,
I18N_TUTORIAL_NUMBER1,This is a [b]Multi-Hit MalBot[/b]. ,これは[b]しぶといマルボッツ[/b]です。,Esto es un [b]MalBot Multigolpe[/b]. ,,,Это [b]Удаленький ВредБот[/b]. ,,
I18N_TUTORIAL_NUMBER2,"It has more Hit Points than a normal MalBot, so it needs multiple hits to defeat.",普通のマルボッツよりHP（体力）が多いので、それだけ多くダメージを与えないと倒せません。,Tiene más Puntos de Vida que un MalBot normal; así que tienes que dañarlo más para eliminarlo.,,,"У него больше Удар Очков, чем у обычного ВредБота, поэтому для победы над ним требуется несколько ударов.",,
I18N_TUTORIAL_NUMBER3,A MalBot loses 1 HP for [b]every block directly next to it[/b].,マルボッツは、[b]隣り合うブロック一個につき[/b]1ダメージを受けます。,Un MalBot pierde 1 PV por [b]lado tocando un bloque correcto[/b].,,,ВредБот теряет 1 ХП за [b]каждый блок рядом с ним[/b].,,
I18N_TUTORIAL_NUMBER4,Clear the purple blocks to deal 3 damage to the purple MalBot!,ここで紫のブロックを消せば、紫のマルボッツに3ダメージを与えられますよ！,¡Borra los bloques morados para dar 3 unidades de daño al MalBot morado!,,,"Очистите фиолетовые блоки, чтобы нанести 3 повреждения фиолетовому ВредБоту!",,
I18N_TUTORIAL_NUMBER5,There is another way to increase the amount of damage given to MalBots...,マルボッツに与えるダメージを増やす方法は、もう一つあります・・・,Hay otra manera de aumentar el daño a un MalBot...,,,"Есть еще один способ увеличить количество урона, наносимого ВредБоту...",,
I18N_TUTORIAL_CHAIN1,"By clearing these red blocks, you can cause a [b]Cascade[/b]!",ここで赤いブロックを消せば、[b]連鎖[/b]が起きます！,,,,"Убирая эти красные блоки, вы можете сделать [b]Каскад[/b]!",,
I18N_TUTORIAL_CHAIN2,A longer Cascade [b]multiplies the damage[/b] dealt to MalBots.,連鎖が長ければ長いほど、[b]ダメージの倍率が上がります。[/b],,,,"Более длинный Каскад [b]увеличивает урон[/b], наносимый ВредБотам.",,
I18N_TUTORIAL_CHAIN_DIY1,Now it’s time to [b]build your own 3-Cascade![/b],次は、自分で[b]3連鎖を組んで[/b]みましょう！,,,,Теперь настало время [b]построить свой собственный 3-Каскад![/b],,
I18N_TUTORIAL_CHAIN_DIY2,You have as much time as you need.,時間制限はありません。,,,,"У вас есть столько времени, сколько вам нужно.",,
I18N_TUTORIAL_CHAIN_DIY3,"But if you’re stuck, try using Hint Coins.",行き詰ったら、ヒントコインを使ってみましょう。,,,,"Но если вы застряли, попробуйте использовать Подсказ Койн!",,
I18N_HINT,Hint,ヒント,Pista,,,Подсказка,,Indiko
I18N_HINT_CONFIRM,Do you want to spend a [b]Hint Coin[/b] for a hint?,[b]ヒントコイン[/b]を1枚使いますか？,¿Te gustaría gastar una [b]Moneda de Pistas[/b] por una pista?,,,Хотите ли вы потратить [b]Подсказ Койн[/b] на подсказку?,,Ĉu vi volas elspezi unu [b]Indikan Moneron[/b] per ricevi indikon?
I18N_HINT_RUNOUT,You have no Hint Coins left!,ヒントコインがありません！,¡No te queda ni una Moneda de Pistas!,,,"Увы, у вас нет Подсказ Койнов!",,Vi ne havas eĉ unu Indikan Moneron!
I18N_CREDITS,Credits,クレジット,Créditos,,,Титры,,
,hai!touch Studios,,,,,,,
,Lead programmer,主任プログラマー,Programador principal,,,Ведущий программист,,
,Haruki “Haley” Wakamatsu,若松 春希,Haruki «Haley» Wakamatsu,,,,,
,Paying tribute to,これらの前駆作品に敬意を表します,Inspirado por,,,Отдавая дань уважения ,,
,Puyo Puyo,ぷよぷよ,Puyo Puyo,,,,,
,Dr. Mario,Dr. マリオ,Dr. Mario,,,,,
,Mega Man,ロックマン,Mega Man,,,,,
,“Ghost Puzzle” by Hernan Zhou,Hernan Zhou 作アプリ「Ghost Puzzle」,Ghost Puzzle por Hernan Zhou,,,“Ghost Puzzle” от Hernan Zhou,“Ghost Puzzle” no Hernan Zhou,
,Powered by Godot Engine,Godot Engine で駆動,Alimentado por Godot Engine,,,Работает на Godot Engine,,
,Libraries,,,,,Библиотеки,,
,Godot Engine 3.4 is licensed under the MIT license.,,,Godot Engine 3.4 is licensed under the MIT licence.,,Godot Engine 3.4 лицензирован под лицензией MIT.,,
,,,,,,,,
,,,,,,,,
,,,,,,,,
,,,,,,,,
,,,,,,,,
,,,,,,,,
,,,,,,,,
I18N_SETTINGS,Settings,設定,Ajustes,,,Настройки,Iestatījumi,Agordoj
I18N_PAGE_A11Y,Accessibility,バリアフリー,Acesibilidad,,,Возможности,Pieejamība,Alirebleco
I18N_FONT_SIZE,Font size,文字の大きさ,Tamaño de fuente,,,Размер шрифта,Fonta lielums,Tipara grando
I18N_FONT_SIZE_HELP,"If you find the pixelated font too small or hard to read, move this slider from the far left.",ドット文字が小さすぎたり読みにくかったりしたら、つまみを左端から動かしてください。,"Si la fuente pixelada es muy pequeña o ilegible, desliza este control desde el extremo izquierrdo.",,,"Если вы считаете пиксельный шрифт слишком мелким или трудночитаемым, переместите этот ползунок с крайнего левого края.",,
I18N_DISABLE_PARTICLES,Disable particles,パーティクル効果を無くす,Desactivar partículas,,,Отключить частицы,,Malŝalti partiklojn
I18N_DISABLE_PARTICLES_HELP,"If the visual effect of the particles are glitchy or distracting, you can turn them off here.",パーティクル効果の見た目がバグってたり、気が散ったりしたら、ここでOFFにできます。,"Si los efectos visuales con partículas parecen incorrectos o te distraen, puede desactivarlos aquí.",,,"Если визуальный эффект частиц вызывает сбои или отвлекает, вы можете отключить их здесь.",,
I18N_SETUP,First-time setup,初期設定,,,,Настройка в первый раз,,Unua-foja agordo
I18N_PAGE_MAIN,Main,全般,General,,,Основное,Galvenais,Ĉefa
I18N_VOL_BGM,Music volume,音楽の音量,Volumen de música,,,Громкость музыки,Mūzikas skaļums,Muzika laŭteco
I18N_VOL_SFX,Sound effect volume,効果音の音量,Volumen de efectos de sonido,,,Громкость звукового эффекта,Skaņas efekta skaļums,Sonefika laŭteco
I18N_LANGUAGE,Language,言語,Idioma,,Język,Язык,Valoda,Lingvo
I18N_PAGE_CTRL,Controls,操作,Controles,,,Управления,,
I18N_CTRL,Control scheme,操作方法,Esquema de control,,,Схема управления,,
I18N_CTRL_HELP,"Gamepad and keyboard controls will always work, regardless of this option.",この設定にかかわらず、コントローラーとキーボードは常に有効です。,Mandos y teclados siguen a funcionar con cualquiera esquema de control.,,,"Управление с помощью геймпада и клавиатуры будет работать всегда, независимо от этой опции.",,
I18N_CTRL_TOUCH,Use touchscreen buttons,仮想ボタンを使う,Usar botones táctiles,,,Использовтаь кнопки сенсорного экрана,,
I18N_CTRL_GEST,Use gestures,ジェスチャーを使う,Usar gesturas,,,Использовать жесты,,
I18N_SECT_BTN,Button control settings,ボタン操作の設定,Opciones del control con botones,,,Настройки управления кнопками,,
I18N_SECT_GEST,Gesture control settings,ジェスチャー操作の設定,Opciones del control con gesturas,,,Настройки управления жестами,,
I18N_ROT_DELAY,Double-rotation delay,「二重回転」の速さ,Retraso de la rotación doble,,,Задержка двойного поворота,,
I18N_ROT_DELAY_HELP,"If a rotation fails, then you try to rotate again within this amount of time, the Domino will turn 180°.",回転できなかった後、この時間以内にまた回転させようとすると、牌が180度回転します。,"Dentro de esta cantidad de tiempo después una rotación fallida, cuando intentas rotar otra vez, el dominó rotará 180°.",,,"Если вращение не удалось, то при повторной попытке вращения в течение этого времени домино повернется на 180°.",,
I18N_DAS,DAS delay,DAS (横タメが始まるまでの時間),Retraso DAS,,,АпЗ,,
I18N_DAS_HELP,"“Delayed Auto Shift” causes the piece to keep moving sideways after a delay, when Left or Right is held.\nDAS waits for this much time before repeating sideways movement.",「横タメ」(DAS) とは、左か右ボタンを長押しした時、一定の間をおいてから、牌が横に動き続けるシステムの事です。\n長押しと判定される時間を変更します。,"El movimiento automático retrasado (Delayed Auto Shift = DAS) sigue moviendo el dominó con un retraso, cuando se mantenga presionado Izquierda o Derecha.\nDAS espera por esta cantidad de tiempo antes de repetir el movimiento lateral.",,,"“Автопереключение с Задержкой” заставляет фигуру продолжать движение в сторону после задержки, когда удерживается кнопка ""Влево"" или ""Вправо"".\nАпЗ ждет столько времени, прежде чем повторить движение в сторону.",,
I18N_ARR,ARR,ARR (横タメの連打間隔),ARR,,,САп,,
I18N_ARR_HELP,"DAS waits for this much time (the Auto Repeat Rate) before trying to move a piece in the same direction. If set to 0f, pieces instantly move as far as they can go.",左か右ボタンの長押し中に、1マス移動してからまた1マス移動するまでに待つ時間 (ARR) を変更します。0fに設定すると、ぶつかるまで一気に横に動きます。,"DAS espera por esta cantidad de tiempo, la tasa de repetición automática (Auto Repeat Rate = ARR) antes de continuar a mover el dominó otra vez. Si la ARR vale 0 cuadros, el dominó se mueve instantáneamente hasta donde pueda llegar.",,,"АпЗ ждет столько времени (Cкорость Автоповтора), прежде чем попытаться переместить фигуру в том же направлении. Если установлено значение 0f, фигуры мгновенно перемещаются до упора.",,
I18N_ROT_INV,Invert rotation buttons,回転ボタンを逆にする,Invertir botones de rotación,,,Инвертирования кнопки вращения,,
I18N_ROT_INV_HELP,"By default, the ⮋ rotates counterclockwise, and ⮊ rotates clockwise.\nThis does not affect how they behave in the menu.",オフの時、⮋は反時計回りに、⮊は時計回りに回転させます。\nメニューでの配列は変わりません。,"Por defecto, ⮋ gira en sentido antihorario, y ⮊ gira en sentido horario.\nEsto no cambia los controles en el menú.","By default, ⮋ rotates anticlockwise, and ⮊ rotates clockwise.\nThis does not affect how they behave in the menu.",,"По умолчанию ⮋ вращается против часовой стрелки, а ⮊ по часовой.\nЭто не влияет на их поведение в меню.",,
I18N_AB_INV,Invert confirm and cancel buttons,「決定」と「戻る」ボタンを逆にする,Invertir botones de confirmación y cancelación,,,Инвертирования кнопки подтверждения и отмены,,
I18N_AB_INV_HELP,"By default, ⮋ confirms, and ⮊ cancels.",デフォルトでは、決定ボタンは⮋、戻るボタンは⮊です。,"Por defecto, ⮋ confirma, y ⮊ cancela.",,,"По умолчанию ⮋ подтверждает, а ⮊ отменяет.",,
I18N_MOVE_SENS,Move gesture distance,「左右に動かす」ジェスチャーの距離,Distancia de la gestura para movimiento,,,Расстояние жеста перемещения,,
I18N_SOFT_SENS,Fast drop gesture distance,「速く落とす」ジェスチャーの距離,Distancia de la gestura para caída rápida,,,Расстояние жеста быстрого сброса,,
I18N_HARD_SENS,Instant drop gesture distance,「一瞬で落とす」ジェスチャーの距離,Distancia de la gestura para caída instantánea,,,Расстояние жеста мгновенного сброса,,
I18N_KEY_CONFIG,Key config,キーコンフィグ,Configuración del teclado,,,Конфигурация клавиш,,
I18N_KEYBOARD,Keyboard,キーボード,Teclado,,,Клавиатура,,
I18N_GAMEPAD,Controller,コントローラー,Mando,,,Контроллер,,
I18N_PRESS_KEY,Press the key you want to map to “%s”,【%s】に設定したいキーを押してください,Pulsa la tecla que te gustaría asignar a «%s»,,,"Нажмите клавишу, которой вы хотите сменить в “%s”",,
I18N_CANCEL_KEY,Or hold Esc to cancel,または、Esc を長押ししてキャンセル,O mantenga Esc para cancelar,,,"Или удерживайте Esc, чтобы отменить",,
I18N_PRESS_BUTTON,Press the button you want to map to “%s”,【%s】に設定したいボタンを押してください,Pulsa el botón que te gustaría asignar a «%s»,,,"Нажмите кнопку, которой вы хотите сменить в “%s”",,
I18N_AGAIN_KEY,Press %s again to confirm,%sをもう一回押して、確認,Pulsa %s otra vez para confirmar,,,Нажмите %s еще раз для подтверждения,,
I18N_AGAIN_BUTTON,Press %s again to confirm,%sをもう一回押して、確認,Pulsa %s otra vez para confirmar,,,Нажмите %s еще раз для подтверждения,,
I18N_CANCEL_BUTTON,Or hold B to cancel,または、B を長押ししてキャンセル,O mantenga B para cancelar,,,"Или удерживайте B, чтобы отменить",,
I18N_MOVE_LEFT,Move left,左に動かす,Mover a la izquierda,,,Переместить налево,,
I18N_MOVE_RIGHT,Move right,右に動かす,Mover a la derecha,,,Переместить направо,,
I18N_ROTATE_LEFT,Rotate counterclockwise,反時計回りに回す,Rotar antihorario,,,Вращать против часовой стрелки,,
I18N_ROTATE_RIGHT,Rotate clockwise,時計回りに回す,Rotar en sentido horario,,,Вращать по часовой стрелке,,
I18N_SOFT_DROP,Fast drop,速く落とす,Caída rápida,,,Быстрый сброс,,
I18N_HARD_DROP,Instant drop,一瞬で落とす,Caída instantánea,,,Мгновенный сброс,,
I18N_PAUSE,Pause,ポーズ,Pausar,,,Пауза,,
I18N_REMAP,Remap,設定,Asignar,,,Сменить,,
I18N_DELETE,Delete,削除,Borrar,,,Удалить,,
I18N_UNMAPPED,Nothing,設定なし,Nada,,,Ничего,,
I18N_PAGE_SKIN,Skins,着せ替え,Apariencias,,,Скины,,
I18N_SKIN,Skin,着せ替え,Aparicencia,,,Скин,,Haŭto
I18N_SKIN_LOCKED,Locked,未開放,Bloqueado,,,Разблокировано,,Ŝlosita
I18N_SKIN_UNLOCKED,Unlocked,解放済み,Desbloqueado,,,Заблокировано,,Malŝlosita
I18N_SKIN_JellybeanA,Jelly Beans,ジェリービーン,Caramelos de Gelatina,,,Мармеладки,,
I18N_SKIN_JellybeanB,These MalBots are pretty squishy. Don’t be fooled—you can’t hug them!,よく見たら、マルボッツってかわいいよね。でも触ったら大変なことになるよ！,Estes MalBots son muy blandas. No te dejes engañar — ¡no debes abrazarlos!,,,Эти ВредБоты довольно мягкие. Не обманывайтесь — вы не можете их обнять!,,
I18N_SKIN_SlimeA,Slime,スライム,,,,Cлизняки,,
I18N_SKIN_SlimeB,"Say, don't these blobby, gel-like lifeforms look kind of familiar? (Disclaimer: This game is not in any capacity legally affiliated with the series this skin references.)",このスライムの塊のような生命体って、どこかで見たことがあるような・・・（※免責事項： このゲームと、この着せ替えがオマージュするシリーズとの法的な関係は全くありません。）,,,,"Скажите, не кажутся ли вам знакомыми эти сгустки желеобразных форм жизни? ( Дисклеймер: Эта игра никак юридически не связана с серией, на которую ссылается этот скин).",,
I18N_SKIN_Gen2A,Generation 2,第2世代,2.ª Generación,,,2-ое поколение,,
I18N_SKIN_Gen2B,Slot in your game cartridge! Our controller is a joystick and our GPU is our imagination.,ゲームカートリッジを挿入して！ コントローラーはレバー型、GPUは想像力。,¡Inserte tu cartucho de juego! Nuestro mando es un joystick y nuestro GPU es la imaginación.,,,"Вставьте свой игровой картридж! Наш контроллер - это джойстик, а наш графический процессор - это наше воображение.",,
I18N_SKIN_Gen3A,Generation 3,第3世代,3.ª Generación,,,3-ее поколение,,
I18N_SKIN_Gen3B,"Feel the 8-bit breeze of the mid-80s, when the NES made countless childhoods.",80年代半ばに子供時代をピコピコ彩った、8BITの風を感じよう。,"Siente la brisa de la mitad de los años ochenta, cuando el Nintendo iluminó muchas infancias.",,,"Почувствуйте 8-битный бриз середины 80-ых, когда NES подарила бесчисленное количество счастливых эмоций в детстве.",,
I18N_SKIN_Gen4A,Generation 4,第4世代,4.ª Generación,,,4-ое поколение,,
I18N_SKIN_Gen4B,"As the 90s approach, blast processing and 16-bit graphics are all the rage.",1990年からは、16ビットの時代だ！ カラフルでしょう？,,,,По мере приближения 90-ых годов взрывная обработка и 16-битная графика становится последним криком моды.,,
I18N_SKIN_Gen5A,Generation 5,第5世代,5.ª Generación,,,5-ое поколение,,
I18N_SKIN_Gen5B,"This is the mid-90s, the advent of 480p, direct color, and Gouraud-shaded polygons.",時は90年代半ば。さらばドット絵、ようこそフルカラーや3DCG。,,"This is the mid-90s, the advent of 480p, direct colour, and Gouraud-shaded polygons.",,"Это середина 90-ых, появление 480p, прямого цвета и полигонов с тонировкой Гуро.",,
I18N_SKIN_Gen6A,Generation 6,第6世代,6.ª Generación,,,6-ое поколение,,
I18N_SKIN_Gen6B,"Welcome to Y2K, the golden age of skeuomorphism! Want to share some protips on online forums?",スキューオモーフィズム最盛期、Y2Kへようこそ！ ネットの掲示板で情報共有してみない？,,,,"Добро пожаловать в 00-ые, золотой век скеоморфизма! Хотите поделиться некоторыми советами на онлайн-форумах?",,
I18N_SKIN_CBSymbolsA,Colorblind: Symbols,色覚多様：記号,Daltónico: Símbolos,Colourblind: Symbols,,Цветная слепота: Символы,,
I18N_SKIN_CBSymbolsB,"Are the colors confusing? Don't worry, we have symbols too!",色が見にくいですか？ 記号もありますよ！,¿Los colores te confundan? No te preocupes; ¡también tenemos símbolos!,"Are the colours confusing? Don't worry, we have symbols too!",,"Цвета сбивают с толку? Не волнуйтесь, у нас есть и символы!",,
I18N_SKIN_CBPatternsA,Colorblind: Patterns,色覚多様：模様,Daltónico: Patrones,Colourblind: Patterns,,Цветная слепота: Узоры,,
I18N_SKIN_CBPatternsB,"Are the colors confusing? Don't worry, we have patterns too!",色が見にくいですか？ 模様もありますよ！,¿Los colores te confundan? No te preocupes; ¡también tenemos símbolos!,"Are the colours confusing? Don't worry, we have patterns too!",,"Цвета сбивают с толку? Не волнуйтесь, у нас есть и узоры!",,
I18N_SEIZURE,Seizure warning,警告：光過敏性発作,Advertencia de incautación,,,Предупреждение о припадке,,
I18N_SEIZURE_0,"A small percentage of the population may experience [b]convulsions[/b], [b]disorientation[/b], or [b]loss of consciousness[/b] resulting from visual stimuli, such as [b]flashing colors[/b] and [b]regular, contrasting patterns[/b].",一部の人は、[b]ちかちか変わる色[/b]や[b]コントラストが高い模様[/b]などの光刺激を見た際に、[b]けいれん[/b]・[b]めまい[/b]・[b]失神[/b]などの症状が出ることがあります。,"Un pequeño porcentaje de la población puede sufrir [b]convulsiones[/b], [b]desorientación[/b] o [b]pérdida de conocimiento[/b] como consecuencia de estímulos visuales, como [b]colores intermitentes[/b] y [b]patrones regulares y contrastados[/b].","A small percentage of the population may experience [b]convulsions[/b], [b]disorientation[/b], or [b]loss of consciousness[/b] resulting from visual stimuli, such as [b]flashing colours[/b] and [b]regular, contrasting patterns[/b].",,"Небольшой процент населения может испытывать [b]конвульсию[/b], [b]дезориентацию[/b] или [b]потерю сознания[/b] в результате зрительных стимулов, таких как [b]мигающие цвета[/b] и [b]регулярные, контрастные узоры[/b].",,
I18N_SEIZURE_1,"While these [b]photosensitive epileptic seizures[/b], as they're called, run in the family, even people without any past history of epilepsy may have an undiagnosed condition that leads to an epileptic episode.",「光過敏性発作」と呼ばれるこの発作は遺伝しますが、過去に発作の経験が無い人でも、新たに症状が発覚する可能性があります。,"Aunque estos «[b]ataques epilépticos fotosensibles[/b]», como se denominan, son hereditarios, las personas sin antecedentes de epilepsia también podrían tener una afección no diagnosticada que puede provocar un episodio epiléptico.",,,"Хотя эти [b]светочувствительные эпилептические припадки[/b], как их называют, идёт по семейству, даже у людей не страдавших эпилепсией, может быть недиагностированное состояние, которое приводит к эпилептическому приступу.",,
I18N_SEIZURE_2,"If you experience any symptoms, such as [b]altered vision[/b], [b]stiffness or twitching of the eyes or limbs[/b], [b]light-headedness[/b], [b]disorientation[/b], [b]memory loss[/b], or if you or your relatives have a history of those symptoms, [b]stop playing immediately[/b] and ask your doctor whether this game is safe for you to play.",もし[b]視覚の異常[/b]・[b]まぶたや手足の硬直やけいれん[/b]・[b]めまい[/b]・[b]方向感覚の異常[/b]・[b]短期記憶喪失[/b]などの症状が出た場合、またあなたや親戚の誰かがそのような症状を経験したことがある場合、[b]すぐゲームを終了して[/b]、医療専門家の意見を聞いてください。,"Si usted experimenta algún síntoma, como [b]alteración de la visión[/b], [b]rigidez o espasmos de los ojos o de las extremidades[/b], [b]mareos[/b], [b]desorientación[/b], [b]pérdida de memoria[/b], o si usted o sus familiares tienen antecedentes de esos síntomas, [b]deje de jugar inmediatamente[/b] y pregunte a su médico si este juego es seguro para usted.",,,"Если у вас или ваших родственников есть история симптомов, такие как [b]изменение зрения[/b], [b]скованность или подергивание глаз или конечностей[/b], [b]головокружение[/b], [b]дезориентация[/b], [b]потеря памяти[/b], то просим [b]прекратить играть[/b], спросите своего врача, безопасна ли для вас эта игра.",,
I18N_NEXT,Next,次,Siguiente,,,Дальше,,Sekva
I18N_CONFIRM,Confirm,確認,Confirmar,,,Подтвердить,,
I18N_DONT_SHOW,Don't show again,非表示にする,No volver a aparecer,,,Не показывать снова,,
I18N_PAUSE,Pause,ポーズ,Pauso,,,Пауза,,
I18N_RESUME,Continue,続ける,Continuar,,,Продолжить,,
I18N_RESTART,Restart,やり直す,De nuevo,,,Перезапустить,,
I18N_EXIT,Exit,戻る,Salir,,,Выйти,,
I18N_DPAD_LEFT,⥢ D-Pad left,⥢ 十字ボタン左,⥢ Cruceta izquierda,,,"⥢ Крестовина ""Влево"" (D-Pad)",,
I18N_DPAD_RIGHT,⥤ D-Pad right,⥤ 十字ボタン右,⥤ Cruceta derecha,,,"⥤ Крестовина ""Право"" (D-Pad)",,
I18N_DPAD_UP,⥣ D-Pad Up,⥣ 十字ボタン上,⥣ Cruceta arriba,,,"⥣ Крестовина ""Вверх"" (D-Pad)",,
I18N_DPAD_DOWN,⥥ D-Pad Down,⥥ 十字ボタン下,⥥ Cruceta abajo,,,"⥥ Крестовина ""Вниз"" (D-Pad)",,
I18N_BTN_LEFT,⮈ Left face button,⮈ 左ボタン,⮈ Botón del pulgar izquierda,,,"⮈ Лицевая кнопка ""Влево""",,
I18N_BTN_RIGHT,⮊ Right face button,⮊ 右ボタン,⮊ Botón del pulgar derecha,,,"⮊ Лицевая кнопка ""Право""",,
I18N_BTN_UP,⮉ Up face button,⮉ 上ボタン,⮉ Botón del pulgar arriba,,,"⮉ Лицевая кнопка ""Вверх""",,
I18N_BTN_DOWN,⮋ Down face button,⮋ 下ボタン,⮋ Botón del pulgar abajo,,,"⮋ Лицевая кнопка ""Вниз""",,
I18N_BTN_SELECT,Select button,セレクト,Botón Select,,,кнопка Select,,
I18N_BTN_START,Start button,スタート,Botón Start,,,кнопка Start,,
I18N_BTN_LB,⮰ Left bumper,⮰ 左側面ボタン,⮰ Botón lateral izquierda,,,⮰ L1/LB (Левый бампер),,
I18N_BTN_RB,⮱ Right bumper,⮱ 右側面ボタン,⮱ Botón lateral derecha,,,⮱ R1/RB (Правый бампер),,
I18N_BTN_LT,⮲ Left trigger,⮲ 左トリガー,⮲ Gatillo izquierda,,,⮲ L2/LT (Левый триггер),,
I18N_BTN_RT,⮳ Right trigger,⮳ 右トリガー,⮳ Gatillo derecha,,,⮳ R2/RT (Правый триггер),,
I18N_BTN_LS,Left stick press,左スティック押し込み,Apretar la palanca izquierda,,,Левый джойстик L3,,
I18N_BTN_RS,Right stick press,右スティック押し込み,Apretar la palanca derecha,,,Правый джойстик R3,,
I18N_KEY_Unknown,(an unsupported key),【非対応のキー】,(tecla sin apoyo),,,(неподдерживаемая клавиша),,
I18N_KEY_BackSpace,Backspace,バックスペース,Retroceso,,,,,
I18N_KEY_Shift,Shift,シフト,Mayúsculo,,,,,
I18N_KEY_Left,←,,,,,,,
I18N_KEY_Right,→,,,,,,,
I18N_KEY_Down,↓,,,,,,,
I18N_KEY_Up,↑,,,,,,,
I18N_KEY_Escape,Esc,,,,,,,
I18N_KEY_CapsLock,Caps Lock,英数,Bloque Mayúsculo,,,,,
I18N_KEY_NumLock,Num Lock,Num Lock,Bloque Numérico,,,,,
I18N_KEY_PageUp,Page Up,PgUp,Retroceder Página,,,PgUp,,
I18N_KEY_PageDown,Page Down,PgDn,Avanzar Página,,,PgDn,,
I18N_KEY_Kp Enter,NumPad Enter,テンキー「Enter」,Entrar (Numérico),,,,,
I18N_KEY_Kp Divide,NumPad /,テンキー「／」,/ (Numérico),,,,,
I18N_KEY_Kp Multiply,NumPad *,テンキー「＊」,* (Numérico),,,,,
I18N_KEY_Kp Subtract,NumPad -,テンキー「－」,- (Numérico),,,,,
I18N_KEY_Kp Add,NumPad +,テンキー「＋」,+ (Numérico),,,,,
I18N_KEY_Kp Number,NumPad %d,テンキー「%d」,%d (Numérico),,,,,
I18N_KEY_Kp Period,NumPad .,テンキー小数点,. (Numérico),,,,,
I18N_KEY_BackSlash,Backslash,￥,,,,\,,
I18N_KEY_Slash,Slash,／,,,,/,,
I18N_KEY_Minus,Minus,ー,,,,-,,
I18N_KEY_Apostrophe,Apostrophe,’,,,,',,
I18N_KEY_Semicolon,Semicolon,；,,,,;,,
I18N_KEY_Comma,Comma,、,,, ,",",,
I18N_KEY_Period,Period,。,,,,.,,
I18N_KEY_QuoteLeft,Grave Accent,アクサン・グラーブ,Tecla arriba del Tab,,,~,,
I18N_KEY_BraceLeft,Left Bracket,「,[,,,[,,
I18N_KEY_BraceRight,Right Bracket,」,],,,],,
I18N_KEY_Equal,Equals,＝,Igual,,,＝,,
I18N_KEY_Control,Control,Ctrl,,,,Ctrl,,
I18N_KEY_Meta+,Windows,,,,,Win,,
I18N_KEY_ScrollLock,Scroll Lock,スクロールロック,,,,,,
I18N_KEY_Space,Space,空白,Espacio,,,Пробел,,
I18N_KEY_Home,Home,,Inicio,,,,,
I18N_KEY_End,End,,Fin,,,,,
I18N_MODE_NOT_DONE,This mode isn’t available yet.,このモードはまだ遊べません。,Este modo aún no está disponible.,,,Этот режим пока недоступен.,Šis režīms pagaidām nav pieejams.,
I18N_SOCIAL,Social Media,ソーシャルメディア,Redes sociales,,,Социальные сети,Sociālie tīkli,
I18N_TWITTER,Twitter,Twitter,,,,,,
I18N_DISCORD,Discord,Discord,,,,,,
I18N_WEBSITE,Website,ウェブサイト,Sitio Web,,,Сайт,Tīmekļa vietne,
I18N_CLOSE,Close,閉じる,,,,Закрыть,Aizvērt,Fermi
I18N_EDIT_PLAYFIELD,Edit the playfield,盤面を編集,Editar el tablero,,,Редактировать игровое поле,,
I18N_EDIT_PLAYFIELD_MOUSE,Mouse controls,マウスでの操作,Controles con un ratón,,,Управление мышью,,
I18N_EDIT_PLAYFIELD_MOUSE_HELP,Place: Left click\nDelete: Right click\nCycle: Scroll wheel\nHP: Back/Forward,置く：左クリック\n消す：右クリック\n選択を変える：スクロール\nHP：戻る／進む,Colocar: Clic izquierdo\nEliminar: Clic derecho\nElegir: Rueda de desplazamiento\nPV: Atrás/Adelante,,,Разместить: ЛКМ\nУдалить: ПКМ\nВыбор блока: Колесо прокрутки\nХП: Назад/Вперед,,
I18N_EDIT_PLAYFIELD_GAMEPAD,Gamepad controls,コントローラーでの操作,Controles con un mando,,,Управление геймпадом,,
I18N_EDIT_PLAYFIELD_GAMEPAD_HELP,Cursor: ⥢ ⥥ ⥣ ⥤\nPlace: %s   Delete: %s\nCycle: ⮰ / ⮱   HP: ⮲ / ⮳\n,カーソル：⥢ ⥥ ⥣ ⥤\n置く：%s　消す：%s\n選択を変える：⮰ / ⮱　HP：⮲ / ⮳,Cursor: ⥢ ⥥ ⥣ ⥤\nColocar: %s　Eliminar: %s\nElegir: ⮰ / ⮱　PV: ⮲ / ⮳,,,Указать: ⥢ ⥥ ⥣ ⥤\nРазместить: %s   Удалить: %s\nВыбор блока: ⮰ / ⮱   ХП: ⮲ / ⮳\n,,
I18N_EDIT_PLAYFIELD_KEYBOARD,Keyboard controls,キーボードでの操作,Controles con un teclado,,,Управление клавиатурой,,
I18N_EDIT_PLAYFIELD_KEYBOARD_HELP,Cursor: ←↓↑→\nPlace: ↵　Delete: Esc\nCycle: PgUp/PgDn　HP: Home/End,カーソル：←↓↑→\n置く：↵　消す：Esc\n選択を変える：PgUp/PgDn　HP：Home/End,Cursor: ←↓↑→\nColocar: ↵　Eliminar: Esc\nElegir: RePág/AvPág　PV: Inicio/Fin,,,Указать: ←↓↑→\nРазместить: ↵　Удалить: Esc\nВыбор блока: PgUp/PgDn　ХП: Home/End,,
I18N_EDIT_NEXT,Edit the NEXT queue,NEXTを編集,Editar la cola “Siguiente”,,,Редактировать очередь ДАЛЕЕ,,
I18N_EDITING_DOMINO_%d,Editing Domino at index %d,インデックス %d番を編集中,Editando el dominó con índice %d,,,Редактирование домино с индексом %d,,
I18N_EDIT_END_QUEUE,End of queue,枯渇後,Fin de la cola,,,В конец очереди,,
I18N_EDIT_END_BEHAVIOR,End behavior,NEXTが無くなった時,Qué hacer cuando se acaba,End behaviour,,Поведение в конце,,
I18N_EDIT_END_GAMEOVER,Game over,ゲームオーバー,Fin de juego,,,Конец игры,,
I18N_EDIT_END_RANDOM,Randomize,ランダムに生成する,Aleatorizar,Randomise,,Рандомизировать,,
I18N_EDIT_END_LOOP,Loop,ループする,Volver,,,Цикл,,
I18N_EDIT_NO_OPTIONS,No options,設定項目なし,Sin opciones,,,Без опций,,
I18N_EDIT_ALLOWED_COLORS,Allowed colors,生成する色,Colores permitidos,Allowed colours,,Разрешенные цвета,,
I18N_EDIT_INDEX,Index to loop to (first is 0),ループする先のインデックス（最初は0番）,Índice a donde volver (el primero es número 0),,,Индекс цикла (первый равен 0),,
I18N_EDIT_NEXT_QUEUE,NEXT queue,NEXTピース,Cola “Siguiente”,,,очередь ДАЛЕЕ,,
I18N_EDIT_OBJECTIVE,Edit the objective and other level data,目標などレベルデータを編集,Editar el objetivo,,,Редактирование данных цели и других уровней,,
I18N_EDIT_PLAYTEST,Play test,プレイテスト,Probar el nivel,,,Сыграть тест,,
I18N_EDIT_SHARE,Share & load,共有・読み込み,Compartir y cargar,,,Поделиться и загрузить,,
I18N_EDIT_RESET,Start over,リセット,Iniciar de nuevo,,,Начать заново,,
I18N_EDIT_TOO_FEW_COLORS,You should select at least 3 colors.,少なくとも3色は選んでください。,Debes elegir al menos 3 colores.,You should select at least 3 colours.,,Вы должны выбрать не менее 3 цветов.,,
I18N_EDIT_NO_COLORS,You must select at least 1 color!,色を選択しないと、NEXTを生成できません！,¡Necesitas elegir al menos 1 color!,You must select at least 1 colour!,,Вы должны выбрать хотя бы 1 цвет!,,
I18N_EDIT_OBJECTIVE_TYPE,Objective type,目標タイプ,Tipo de objetivo,,,Тип цели,,
I18N_EDIT_OBJECTIVE_PARAM,Objective parameter,目標の変数,Parámetros del objetivo,,,Параметр цели,,
I18N_EDIT_LEVEL,Speed level,レベル,Nivel de velocidad,,,Скорость уровня,,
I18N_EDIT_LEVEL_HELP,"At this level, the Domino will descend %0.3f row(s) in 1 second.",このレベルでは、牌は毎秒%0.3fマス落ちます。,"A este nivel, el dominó caerá %0.3f fila(s) por segundo.",,,На этом уровне домино опустится на %0.3f строк(ов) за 1 секунду.,,
I18N_EDIT_TITLE,Title,タイトル,Título,,,Название,,
I18N_EDIT_TITLE_HELP,The title may not be longer than 64 characters. Some emoji may count as multiple.,タイトルは64文字以下にしてください。全角・半角は問いません。,El título no puede ser más largo que 64 carácteres. Algunos emoji cuentan como múltiples.,,,Заголовок не может быть длиннее 64 символов. Некоторые эмодзи могут считаться множественными.,,
I18N_EDIT_DIFFICULTY,Difficulty,難易度,,,,Сложность,,
I18N_EDIT_DIFFICULTY_HELP,"This is just for the player's convenience, and does not affect the gameplay in any way.",これは目安だけで、ゲームの内容には全く影響しません。,,,,"Это просто для того, чтобы показать звездный рейтинг для пользовательских уровней.",,
I18N_EDIT_SEED,Seed,シード,,,,Сид,,
I18N_EDIT_SEED_HELP,"In order to make consistent hints for a “randomly generated” NEXT queue, the random number generator has to start with the same seed, so that it generates the same pieces every time.\nYou can leave this alone if your NEXT queue won't be randomly generated.",「ランダムに生成」された牌にヒントをつけるためには、乱数生成の最初の状態（シード）を同じにして、毎回同じピースが生成されないといけません。\nNEXTがランダムに生成されない限り、これはそのままにして大丈夫です。,,,,"Чтобы сделать последовательные подсказки для ""случайно сгенерированной"" очереди ДАЛЕЕ, случайные чисела должены начинаться с одного и того же начального числа, чтобы каждый раз генерировать одни и те же фрагменты.\nВы можете оставить это в покое, если ваша очередь ДАЛЕЕ не будет сгенерирована случайным образом.",,
I18N_EDIT_AUTHOR,Author,作者,,,,Автор,,
I18N_EDIT_SHARE_TEXT,As text,テキストとして,,,,В виде текста,,
I18N_EDIT_SHARE_QR,As QR code (beta),QRコードとして（β）,,,,В виде QR-кода (бета-версия),,
I18N_QR_SAVED,Saved the QR code where you wanted!,指定した場所にQRコードを保存しました！,,,,"Сохраните QR-код там, где вам нужно!",,
I18N_QR_ERROR,An error occurred while processing a QR code: ,QRコードの処理中にエラーが起こりました。,,,,При обработке QR-кода произошла ошибка: ,,
I18N_ERROR_13,13 - Can't write. Did you grant this app the permission to write files?,13 - 書き込み失敗。アプリにファイルを書き込む権限を与えましたか？,,,,13 - Невозможно записать. Дали ли вы этому приложению разрешение на запись файлов?,,
I18N_ERROR_15,15 - Unrecognized error,15 - 不明のエラー。,,,,15 - Непризнанная ошибка,,
I18N_ERROR_FALLBACK,Error code %d.,エラーコード%d。,,,,Код ошибки %d.,,
I18N_EDIT_RESTART,Are you absolutely sure you want to trash this level?,本当に最初から作り直しますか？,,,,"Вы уверены, что хотите уничтожить этот уровень?",,
I18N_MODE_OPTIONS,Mode option,モード設定,Opciones del modo,,,Опция режима,,
I18N_GAME_SPEED,Game speed,ゲームの速さ,Velocidad del juego,,,Скорость игры,,
I18N_SPEED_LOW,Low,おそい,Baja,,,Медленный,,
I18N_SPEED_MEDIUM,Medium,ふつう,Mediana,,,Средний,,
I18N_SPEED_HIGH,High,はやい,Alta,,,Быстрый,,
I18N_COLOR_COUNT,Color count,色数,Número de colores,Colour count,,Количество цветов,,
I18N_UNIT_COLORS, colors,色, colores, colours,, цветов,,
I18N_ENEMY_HEIGHT,Rows of MalBots to generate,マルボッツの列の数,Filas de MalBots para generar,,,Ряды для генерации MalBots,,
I18N_UNIT_ROWS, rows,列, filas,,, рядов,,
I18N_ENEMY_HP,Average HP of MalBots,マルボッツの平均HP,PV medios de los MalBots,,,Средняя ХП ВредБотов,,
I18N_UNIT_HP,HP ,,PV,,,ХП,,
I18N_COLOR_RATIO,Ratio of colored MalBots,色付きマルボッツの比率,Proporción de MalBots colorados,Ratio of coloured MalBots,,Соотношение цветных ВредБотов,,
I18N_SELECT_MODE,Select Mode,モード選択,,,,Выбрать режим,,
I18N_MODE_MARATHON,Marathon,マラソン,,,,Марафон,,
I18N_MODE_MARATHON_HELP,Survive 20 rounds of ever-accelerating gameplay! No MalBots.,どんどん速くなるゲームを20ラウンド制覇しろ！ マルボッツは出てこない。,,,,Переживите 20 раундов постоянно ускоряющегося игрового процесса! Никаких ВредБотов.,,
I18N_MODE_PETRI,Petri Dish,ペトリ皿,,,,Чашка Петри,,
I18N_MODE_PETRI_HELP,"Generate a colony of MalBots, and exterminate it as quickly as you can!",マルボッツを好きなように生成し、できるだけ速く全滅させろ！,,,,Выберите количество ВредБотов и затем уничтожьте их как можно быстрее!,,
I18N_MODE_ONSLAUGHT,Onslaught,大進撃,,,,Нападение,,
I18N_MODE_ONSLAUGHT_HELP,MalBots keep spawning in from the bottom of the playfield. Fend them off as long as you can!,フィールドの底から湧いてくるマルボッツをできるだけ長く耐えきれ！,,,,ВредБоты продолжают появляться в нижней части игрового поля. Отбивайтесь от них как можно дольше!,,
I18N_MODE_MISSION,Mission Train,ミッショントレイン,,,,Поезд Миссии,,
I18N_MODE_MISSION_HELP,Challenge yourself on how many objectives you can complete in a row before time runs out!,制限時間内に目標をいくつクリアできるかチャレンジしよう！,,,,"Соревнуйтесь, сколько целей вы сможете выполнить подряд до истечения времени!",,
I18N_MODE_ZEN,Zen mode,リラックスモード,Modo zen,,,Режим Дзен,,Zena reĝimo
I18N_MODE_ZEN_HELP,"Just keep on popping Blocks to your heart's content. No MalBots, no pressure.",好きなだけブロックを積み上げられる。マルボッツも、プレッシャーもない。,,,,Просто продолжайте выставлять блоки в свое удовольствие.,,
I18N_WORLD_%d,World %d,ワールド%d,,,,Мир %d,,
I18N_WORLD_0A,Tutorial,チュートリアル,,,,Туториал,,
I18N_WORLD_1A,[world 1 subtitle],,,,,,,
I18N_WORLD_2A,[world 2 subtitle],,,,,,,
I18N_WORLD_3A,[world 3 subtitle],,,,,,,
I18N_WORLD_4A,[world 4 subtitle],,,,,,,
I18N_WORLD_5A,[world 5 subtitle],,,,,,,
I18N_WORLD_TIER%d,Tier %d,第%d階層,,,,Ступень №%d,,
I18N_WORLD_BOSS,World Boss,ワールドボス,,,,Мировой Босс,,
I18N_WORLD_ADVANCE,Solve at least [b]3 levels[/b] to advance to the next tier!,[b]3問[/b]以上解いたら、次の階層へ進めます！,,,,"Решите как минимум [b]3 уровня[/b], чтобы перейти на следующую ступень!",,
I18N_TIER_LOCKED,This tier is still locked.,この階層はまだ解禁できていません。,,,,Эта ступень все еще заблокирована.,,
I18N_NEW_RECORD,[b]New record![/b],[b]新記録！[/b],,,,[b]Новый рекорд![/b],,
I18N_CHARA_000,Robotic voice,機械音声,,,,Роботизированный голос,,
I18N_CHARA_001,???,???,,,,,,
I18N_SETUP_000,New biosignature detected.\nInitializing first-time setup.,新規生体反応あり。\n初回セットアップ開始。,,,,Обнаружен новый биосигнал.\nИнициализация первой настройки.,,
I18N_SETUP_001,"Oh, hello! I thought I felt the presence of a different Wetware Entity.",おっ、ども〰！ やっぱり、はじめましての《ウェットウェア・エンティティー》が来てたね。,,,,"О, привет! Мне показалось, что я почувствовала присутствие другой сущности из Wetware Entity.",,
I18N_SETUP_002,...Or I’ve misplaced your configuration files again.,・・・それか、また設定ファイルをなくしちゃったかも。,,,,"...или я перепутала ваши файлы конфигурации, опять.",,
I18N_SETUP_003,"Anyway, I’m your navigator, and I’m here to do some first-time setup of the game.",なにはともあれ、ナビゲーターとして、初回設定の手助けしないとね。,,,,"В любом случае, я ваш навигатор, и я здесь для того, чтобы провести первую настройку игры.",,
I18N_SETUP_004,First of all...,まずはねー・・・,,,,В первую очередь...,,
I18N_SETUP_005,How many fingers do you use to tap your phone?,画面をタッチするのは片手だけ？ それとも両手？,,,,"Сколько пальцев вы используете, чтобы нажать на свой телефон?",,
I18N_SETUP_006,Just 1 finger.,片手,,,,Только 1 палец.,,
I18N_SETUP_007,2 fingers.,両手,,,,2 пальца.,,
I18N_SETUP_008,Which key should instantly drop the piece?,牌を即落とすのはどのキー？,,,,Какая клавиша должна мгновенно бросить фигуру?,,
I18N_SETUP_009,Which button do you use to confirm?,決定するのはどっちのボタン？,,,,Какую кнопку вы используете для подтверждения?,,
I18N_SETUP_010,Perfect! I’ll adjust the settings accordingly.,わかった！ 設定に反映させておくね。,,,,Отлично! Я скорректирую настройки соответствующим образом.,,
I18N_SETUP_011,"I’ve set your control scheme to “gestures”, but you can change it to “virtual buttons” any time you want.",操作モードを『ジェスチャー』に設定しておいたけど、気に入らなかったらいつでも『仮想ボタン』に変えれるよ。,,,,"Я настроила вашу схему управления на “жесты”, но вы можете изменить ее на “виртуальные кнопки” в любое время, когда захотите.",,
I18N_SETUP_012,"I’ve set your control scheme to “virtual buttons”, but you can change it to “gestures” any time you want.",操作モードを『仮想ボタン』に設定しておいたけど、気に入らなかったらいつでも『ジェスチャー』に変えれるよ。,,,,"Я настроила вашу схему управления на “виртуальные кнопки”, но вы можете изменить ее на “жесты” в любое время, когда захотите.",,
I18N_SETUP_013,"Next... Do you want the right rotate button ⮊ to turn clockwise, or counterclockwise?",次は、右ボタン⮊ を押したら、牌はどっち向きに回るべき？,,,,"Дальше... Вы хотите, чтобы правая кнопка поворота ⮊ вращалась по часовой стрелке или против часовой стрелки?",,
I18N_SETUP_014,Excellent! I’ve committed that to your settings file.,よし！ そういう設定にしておいたよ。,,,,Класс! Я внесла это в ваш файл настроек.,,
I18N_SETUP_015,"Okay, final question: Do you want to activate colorblind mode?",これで最後だよ。色覚多様モードをONにしたい？,,,,"Хорошо, последний вопрос: вы хотите активировать режим дальтонизма?",,
I18N_SETUP_016,"Yes, please!",うん、お願い！,,,,"Да, пожалуйста!",,
I18N_SETUP_017,"No, but thanks for asking.",いや、大丈夫。,,,,"Нет, но спасибо что спросили.",,
I18N_SETUP_018,Spectacular!,よっしゃ〰！,,,,Потрясно!,,
I18N_SETUP_019,The setup is complete now.,これでセットアップはおしまいだよ。,,,,Теперь настройка завершена.,,
I18N_SETUP_020,You can also change these settings later using the Gear button in the main menu.,今変えた設定は、後でまた、メインメニューの歯車ボタンを押したらいじれるよ。,,,,Вы также можете изменить эти настройки позже в главном меню.,,
I18N_SETUP_021,I’ll see you again in Story Mode. Have fun!,じゃあまた、ストーリーモードでね。楽しんでね〰！,,,,Увидемся в Историческом режиме. Веселись!,,
I18N_SETUP_SKIP,Skip setup,初期設定を飛ばす,,,,Пропустить настройку,,
I18N_SETUP_SKIP_HELP,Press Start button or End key,STARTボタンかEndキーを押す,,,,Нажми кнопку Start или клавишу End,,
I18N_DELETE_SAVE_CONFIRM,Are you absolutely sure you want to delete all story mode progress and high scores?,本当に、ストーリーモードの成果とハイスコアのセーブデータを消去しますか？,,,,"Вы абсолютно уверены, что хотите удалить весь прогресс в Историческом режиме и счёт?",,
I18N_DELETE_SAVE,Delete save data,セーブデータを消す,,,,Удалить данные сохранения,,
I18N_DONT_DELETE,No wait go back,間違えた、戻って,,,,"Не дожидаясь, вернуться",,